{"30": 0.6656586430897223, "40": 0.6912263367490572, "50": 0.7015456794383016, "70": 0.7129654154734528, "90": 0.7159675362640138, "95": 0.7141030679223483, "100": 0.7232433218886716, "All": 0.7866430614997031}