{"0.3": 0.6203465232264274, "0.4": 0.6517145927098403, "0.5": 0.6838479443161929, "0.6": 0.7017761648142087, "0.7": 0.7162876681476869, "0.8": 0.732174186774155, "0.9": 0.7374613510645784, "1.0": 0.7359205742522381, "All": 0.7595467454161737}