{"0.3": 0.59800709750314, "0.4": 0.6446804142386439, "0.5": 0.6625803512996846, "0.6": 0.6861691041850629, "0.7": 0.697184272715347, "0.8": 0.7047074254044013, "0.9": 0.7103989964530232, "1.0": 0.7085310077477753, "All": 0.7277760625790546}