{"30": 0.6491826777008375, "40": 0.6790899453066985, "50": 0.6856081332768335, "70": 0.6986381161783477, "90": 0.7054965580858032, "95": 0.7042955768791123, "100": 0.7194347700562517, "All": 0.7675129221985081}