{"LB": {"pearsonr": 0.7189989629009104, "rmse": 1.3573476912595055, "pearsonr_stdev": 0.010191059223340043}, "SB": {"pearsonr": 0.7469087741840121, "rmse": 1.3017764256081878, "pearsonr_stdev": 0.01346888659041876}, "HB": {"pearsonr": 0.7675207374865701, "rmse": 1.25673188463707, "pearsonr_stdev": 0.011563595080428276}}