{"LB": {"pearsonr": 0.7189989629009104, "rmse": 1.3573476912595055}, "SB": {"pearsonr": 0.7469087741840121, "rmse": 1.3017764256081878}, "HB": {"pearsonr": 0.7675207374865701, "rmse": 1.25673188463707}}