{"LB": {"pearsonr": 0.7189989629009104, "rmse": 1.3573476912595055, "pearsonr_stdev": 0.010191059223340043}, "SB": {"pearsonr": 0.7443872424537414, "rmse": 1.3071651954367485, "pearsonr_stdev": 0.01499707806772012}, "HB": {"pearsonr": 0.765835153939275, "rmse": 1.2607803087652687, "pearsonr_stdev": 0.010610296025747914}}