{"LB": {"0.3": 9.999000099990002e-05, "0.4": 9.999000099990002e-05, "0.5": 9.999000099990002e-05, "0.6": 9.999000099990002e-05, "0.7": 9.999000099990002e-05, "0.8": 9.999000099990002e-05, "0.9": 9.999000099990002e-05, "1.0": 9.999000099990002e-05, "All": 9.999000099990002e-05}, "SB": {"0.3": 9.999000099990002e-05, "0.4": 9.999000099990002e-05, "0.5": 9.999000099990002e-05, "0.6": 9.999000099990002e-05, "0.7": 9.999000099990002e-05, "0.8": 9.999000099990002e-05, "0.9": 9.999000099990002e-05, "1.0": 9.999000099990002e-05, "All": 9.999000099990002e-05}, "HB": {"0.3": 9.999000099990002e-05, "0.4": 9.999000099990002e-05, "0.5": 9.999000099990002e-05, "0.6": 9.999000099990002e-05, "0.7": 9.999000099990002e-05, "0.8": 9.999000099990002e-05, "0.9": 9.999000099990002e-05, "1.0": 9.999000099990002e-05, "All": 9.999000099990002e-05}}