{"LB": {"0.3": [0.4854870279918176, 0.6113786857665702], "0.4": [0.48147228655941493, 0.6131140169861209], "0.5": [0.513804860212742, 0.6350250262649642], "0.6": [0.561687791216698, 0.6756407845857124], "0.7": [0.5970809643652404, 0.7079755367623647], "0.8": [0.6267341047249864, 0.7302811608110376], "0.9": [0.6351816146884252, 0.7368190610370665], "1.0": [0.6331134239068275, 0.7364324748073622], "All": [0.6520917147405271, 0.7507664353115017]}, "SB": {"0.3": [0.46061349783468, 0.5784118393670923], "0.4": [0.5200443210006879, 0.6284512474423966], "0.5": [0.5313246351626414, 0.6402901615996303], "0.6": [0.5634553552837526, 0.6682192592739844], "0.7": [0.5789343931258848, 0.6880844370134803], "0.8": [0.5993225766573295, 0.7023414321086829], "0.9": [0.6058867383735898, 0.7084640878059751], "1.0": [0.6091389054531263, 0.7111268768844762], "All": [0.6395757979086367, 0.7388458047776049]}, "HB": {"0.3": [0.5033578705158404, 0.6220956643796194], "0.4": [0.5080068461923872, 0.6304016210201647], "0.5": [0.536573723222546, 0.6522608387714843], "0.6": [0.5772826936703852, 0.6886744446915302], "0.7": [0.6178483098202356, 0.7222107815041855], "0.8": [0.6524490007751642, 0.7494923365125987], "0.9": [0.6546894504455506, 0.7530338749829022], "1.0": [0.6517607839706452, 0.7513066879920683], "All": [0.6645009627768903, 0.7593211183081471]}}