,LB,SB,HB
HIV-1 Protease,0.41433546437409596,0.43105877402752435,0.4501716774693842
Carbonic Anhydrase 2,0.4772964221395035,0.5222894280137358,0.4602076051935184
Trypsin,0.7150592454746686,0.7279508512008311,0.7464603061212451
Thrombin,0.2704815871193759,0.36743322551071056,0.31554416668778074
HSP90-Alpha,0.6633563997205674,0.39517917794115587,0.5914313146787322
Coagualtion factor X/XA,0.11110819578621003,-0.09791910847514944,-0.10086820930613793
Singletons,0.41291880635079775,0.48490138401118776,0.5000844254609221
