,LB,SB,HB
HIV-1 Protease,0.41433546437409596,0.43105877402752446,0.45017167746938436
Carbonic Anhydrase 2,0.4772964221395035,0.5222894280137357,0.46020760519351833
Trypsin,0.7150592454746688,0.7279508512008313,0.7464603061212454
Thrombin,0.2704815871193757,0.3674332255107105,0.3155441666877808
HSP90-Alpha,0.6633563997205671,0.39517917794115603,0.5914313146787321
Coagualtion factor X/XA,0.11110819578621028,-0.09791910847514962,-0.10086820930613788
Singletons,0.41291880635079764,0.48490138401118776,0.5000844254609222
