{"LB": {"0.3": [0.48982189040062263, 0.6138752059960441], "0.4": [0.510411220439254, 0.628999051689863], "0.5": [0.5449113681628184, 0.6574145570972874], "0.6": [0.5851623387569367, 0.6914227520289336], "0.7": [0.6103486907090202, 0.7160489926812618], "0.8": [0.639861431673212, 0.7384143302231134], "0.9": [0.6421334967383946, 0.7412037542063489], "1.0": [0.644745891787548, 0.7435902406080492], "All": [0.6767422189612471, 0.7655238028891375]}, "SB": {"0.3": [0.5771694071043292, 0.6774084181930462], "0.4": [0.6375438110756616, 0.7230625092974935], "0.5": [0.6544804730926089, 0.7360511196536318], "0.6": [0.6731258926305347, 0.7530112630309906], "0.7": [0.6835041891125192, 0.765182859543983], "0.8": [0.6936956621792215, 0.7743600996819374], "0.9": [0.7000667499847169, 0.779312938417252], "1.0": [0.703028327831974, 0.7809638800165594], "All": [0.7233298221838174, 0.8011361393384016]}, "HB": {"0.3": [0.5797420472179926, 0.6826563867789638], "0.4": [0.6185203710730904, 0.7139858245094186], "0.5": [0.6547369315598367, 0.7409100940861327], "0.6": [0.691146717454219, 0.7705567342439683], "0.7": [0.7064955009786145, 0.7871622547761309], "0.8": [0.7168354332493054, 0.796367274710162], "0.9": [0.7214883796238735, 0.8001443328597675], "1.0": [0.7231974001159701, 0.8013427657585456], "All": [0.751538851628498, 0.8215262492593793]}}