{"LB": {"0.3": [0.48982189040062263, 0.6138752059960441], "0.4": [0.5104112204392539, 0.628999051689863], "0.5": [0.5449113681628183, 0.6574145570972874], "0.6": [0.5851623387569366, 0.6914227520289336], "0.7": [0.6103486907090202, 0.7160489926812618], "0.8": [0.6398614316732119, 0.7384143302231134], "0.9": [0.6421334967383944, 0.7412037542063488], "1.0": [0.644745891787548, 0.7435902406080493], "All": [0.6767422189612471, 0.7655238028891375]}, "SB": {"0.3": [0.5293949922214923, 0.6376058015734237], "0.4": [0.5781765398394241, 0.6759551417966883], "0.5": [0.5960145538280953, 0.692125540351315], "0.6": [0.6207550574511144, 0.714619025195213], "0.7": [0.6129899397968451, 0.7107288177275194], "0.8": [0.629237473705673, 0.7250639947677359], "0.9": [0.6312296873310855, 0.7257047779596544], "1.0": [0.6318689591626906, 0.7252973303005625], "All": [0.6595568904309344, 0.7486094346361567]}, "HB": {"0.3": [0.5491045440954808, 0.6578008306463983], "0.4": [0.5888094020357136, 0.688668964194813], "0.5": [0.6229024983499886, 0.7146196727918472], "0.6": [0.6603000378240537, 0.7479890181162019], "0.7": [0.6749194187310691, 0.7602961986091203], "0.8": [0.6898728122233604, 0.7755744197434307], "0.9": [0.6946558276162371, 0.7794398144071161], "1.0": [0.6913046801413998, 0.7771877821102559], "All": [0.7262677075512711, 0.8019982127278484]}}