{"0.3": 0.5024189574415638, "0.4": 0.5728692269438753, "0.5": 0.6098750495529451, "0.6": 0.6182024005551553, "0.7": 0.6467688886755133, "0.8": 0.6410935126691529, "0.9": 0.6469053311847747, "1.0": 0.644630642276492, "All": 0.6589021380413864}