{"0.3": 0.5318314550480853, "0.4": 0.5970674284521498, "0.5": 0.637950143307531, "0.6": 0.6448400730681342, "0.7": 0.6621781101499636, "0.8": 0.6754903204199456, "0.9": 0.6751710730780369, "1.0": 0.6775712002367988, "All": 0.7036850723759727}