{"30": 0.5608741009330555, "40": 0.5913791650624448, "50": 0.6234230604628606, "70": 0.6305215293531099, "90": 0.6312312482487037, "95": 0.6269577836939475, "100": 0.6368134529910341, "All": 0.7036850723759726}