{"30": 0.5155715433596537, "40": 0.5605298847168476, "50": 0.5788050126125085, "70": 0.5812555780764976, "90": 0.5846511912601939, "95": 0.5901686056903788, "100": 0.5877530928105802, "All": 0.6589021380413865}