{"0.3": 0.59800709750314, "0.4": 0.6446804142386441, "0.5": 0.6625803512996846, "0.6": 0.6861691041850629, "0.7": 0.6971842727153472, "0.8": 0.7047074254044012, "0.9": 0.7103989964530232, "1.0": 0.7085310077477751, "All": 0.7277760625790546}