{"0.3": 0.627709623310433, "0.4": 0.6655754311209449, "0.5": 0.7022452412088594, "0.6": 0.729731046070918, "0.7": 0.7453592198753806, "0.8": 0.7629680419669418, "0.9": 0.7621280766424612, "1.0": 0.7621015526646426, "All": 0.7866430614997031}