{"0.3": 0.6144373688854915, "0.4": 0.6509671065695294, "0.5": 0.6845959282425642, "0.6": 0.7153287209425166, "0.7": 0.7307158519173232, "0.8": 0.7438737029513177, "0.9": 0.749410547690205, "1.0": 0.7463825192785288, "All": 0.767512922198508}