{"30": 0.6017250326225199, "40": 0.6250615693811031, "50": 0.6467371376560738, "70": 0.6571838075929746, "90": 0.6583105271350007, "95": 0.6644401074982037, "100": 0.6711938918265582, "All": 0.7277760625790546}