{"30": 0.6363352941528521, "40": 0.6552185550439957, "50": 0.6679261930168756, "70": 0.6784759671589724, "90": 0.6788647471573664, "95": 0.6865974628613758, "100": 0.6911562310376637, "All": 0.7595467454161737}