,LB model,SB model,HB model
Smina top pose,0.7189989629009104,0.6590967148549787,0.7139192011116793
Maximum pose score,0.7189989629009104,0.682260890740975,0.7324119856126676
Mean pose score,0.7189989629009104,0.6045326206076046,0.6769200875590177
Train-test crystal,0.7189989629009104,0.7469087741840121,0.7675207374865701
