,LB model,SB model,HB model
Smina top pose,0.7189989629009104,0.687132382327669,0.7443092946297762
All poses,0.7122626513731634,0.6991694431698084,0.7237820909029364
Redundant poses,0.7122626513731634,0.6876486834214978,0.7446130489420056
