,LB model,SB model,HB model
Smina top pose,0.7189989629009104,0.6762199936267318,0.7382755532290372
Maximum pose score,0.7189989629009104,0.687132382327669,0.7443092946297762
Mean pose score,0.7189989629009104,0.6436989875920537,0.7252414777631249
Train-test crystal,0.7189989629009104,0.7469087741840121,0.7675207374865701
